--SQL server code for B320 SRSD ProjectID Group 4: Sam, Kyle, Roberto
--Date: 12/9/2019

DROP TABLE Sponsors
DROP TABLE SRSD
DROP TABLE Registration
DROP TABLE Groups
DROP TABLE Speakers
DROP TABLE Students
DROP TABLE ProjectRanking
DROP TABLE Projects
DROP TABLE Mentors
DROP TABLE Judges


CREATE TABLE [Speakers] (
  [SpeakerID] int,
  [SpeakerYear] int,
  [SpeakerFName] varchar(max),
  [SpeakerLName] varchar(max),
  [Descriptions] varchar(max),
  PRIMARY KEY ([SpeakerID])
);

CREATE TABLE [Judges] (
  [JudgeID] int,
  [JudgeYear] int, 
  [JudgeFName] varchar(max),
  [JudgeLName] varchar(max),
  [JudgeEmail] varchar(max),
  PRIMARY KEY ([JudgeID])
);

CREATE TABLE [Registration] (
  [AcademicYear] int,
  [FinalDraftDeadline] varchar(max),
  [MentorApprovalDeadline] varchar(max),
  [AbstractDeadline] varchar(max),
  [RegistrationDeadline] varchar(max),
  PRIMARY KEY ([AcademicYear])
);


CREATE TABLE [Projects] (
  [ProjectID] int,
  [ProjectTitle] varchar(max),
  [Abstract] varchar(max),
  [PresentationType] varchar(max), -- CHECK (PresentationType LIKE '[Hypothesis-Driven][Issue-Based][Descriptive][Visual Arts][Innovation/Application][Student Scholarship in the Humanities]'),
  [MentorApproval] varchar(max) CHECK(MentorApproval = 'Yes'),
  [AcademicYear] int  
  PRIMARY KEY ([ProjectID])
);

CREATE TABLE [Sponsors] (
  [SponsorID] int,
  [SponsorYear] int,
  [SponsorName] varchar(max),
  [SponsorAmount] int,
  PRIMARY KEY ([SponsorID])
);

CREATE TABLE [Mentors] (
  [MentorID] int,
  [MentorFName] varchar(max),
  [MentorLName] varchar(max),
  [MentorEmail] varchar(max),
  [MentorDepartment] varchar(max),
  PRIMARY KEY ([MentorID])
);


CREATE TABLE [ProjectRanking] (
  [ProjectID] int REFERENCES Projects(ProjectID),
  [JudgeMasteringScore] int CHECK((JudgeMasteringScore >= 1) AND (JudgeMasteringScore <= 5)),
  [JudgeDevelopingScore] int CHECK((JudgeDevelopingScore >= 1) AND (JudgeDevelopingScore <= 5)),
  [JudgeEmergingScore] int CHECK((JudgeEmergingScore >= 1) AND (JudgeEmergingScore <= 5)),
  PRIMARY KEY ([ProjectID])
);

CREATE TABLE [Students] (
  [StudentID] int,
  [StudentYear] varchar(max), -- CHECK (StudentYear = Freshman)
  [StudentFName] varchar(max),
  [StudentLName] varchar(max),
  [StudentEmail] varchar(max),
  [Major] varchar(max),
  [MentorID] int REFERENCES Mentors(MentorID),
  [ProjectID] int REFERENCES Projects(ProjectID),
  [JudgeID] int REFERENCES Judges(JudgeID),
  PRIMARY KEY ([StudentID])
);

CREATE TABLE [Groups] (
  [GroupID] int,
  [GroupYear] int,
  [StudentID] int REFERENCES Students(StudentID),
  [ProjectID] int REFERENCES Projects(ProjectID),
  [MentorID] int REFERENCES Mentors(MentorID),
  [JudgeID] int REFERENCES Judges(JudgeID)
  PRIMARY KEY ([StudentID]) 
);

CREATE TABLE [SRSD] (
  [EventYear] int,
  [EventDate] varchar(max),
  [EventLocation] varchar(max),
  PRIMARY KEY ([EventYear])
);

--CREATE TABLE [Awards] (
--  [ProjectID] int REFERENCES Projects(ProjectID),
--  [ProjectTitle] varchar(max) REFERENCES Projects(ProjectTitle),
--  [AwardAmount] int,
--  [PresentationType] varchar(max) REFERENCES Projects(PresentationType),
--  [AcademicYear] int REFERENCES Projects(AcademicYear),
--  PRIMARY KEY ([ProjectID])
--);

/* linking table to link students to groups 
CREATE TABLE [GroupStudentLink] (
	[GroupID] int REFERENCES Groups(GroupID),
	[StudentID] int REFERENCES Students(StudentID),
	--[Roles] varchar(max) why do we need a role in group?
); 
*/ --maybe I will use this. Roberto S.

INSERT Speakers(SpeakerID,SpeakerYear,SpeakerFName,SpeakerLName,Descriptions) VALUES
(100, 2019, 'John', 'Coggeshall', 'Professor of Anthropology, Clemson University Author of Liberia, South Carolina:An African American Appalachian Community'),
(200, 2018,'Rose', 'Chapman', 'Professor of cat studies at USC'),
(300, 2017,'Fred', 'Vasquez', 'Professor of Computer Science'),
(400, 2016,'Dale', 'Higgins', 'Professor of Arts')

-- JudgeID number determines year of event ie 1000 = 1st year and so on
INSERT Judges(JudgeID, JudgeYear,JudgeFName, JudgeLName, JudgeEmail) VALUES
(1000, 2016, 'Jeannette', 'Wright', 'jeannettewright@uscb.edu'),
(1001, 2016, 'Erik', 'Griffin', 'erikgriffin@uscb.edu'),
(1002, 2016, 'Nancy', 'Wood', 'nancywood@uscb.edu'),
(1003, 2016, 'Doreen', 'Dawson', 'doreendawson@uscb.edu'),
(1004, 2016, 'Nora', 'Collins', 'noracollins@uscb.edu'),
(1005, 2016, 'Cindy', 'Garrett', 'cindygarrett@uscb.edu'),
(1006, 2016, 'Angel', 'Jimenez', 'angeljimenez@uscb.edu'),
(1007, 2016, 'Abel', 'Underwood', 'abelunderwood@uscb.edu'),
(1008, 2016, 'Jana', 'Roberson', 'janaroberson@uscb.edu'),
(1009, 2016, 'Jamie', 'Stephens', 'jamiestephens@uscb.edu'),
(2000, 2017, 'Mariam', 'Kelly','mariamkelly@uscb.edu'),
(2001, 2017, 'Zahrah', 'Whelan', 'zahrahwhelan@uscb.edu'),
(2002, 2017, 'Kerys', 'Lamb', 'keryslamb@uscb.edu'),
(2003, 2017, 'Nathanael', 'Savage', 'nathanaelsavage@uscb.edu'),
(2004, 2017, 'Caio', 'Harrington', 'caioharrington@uscb.edu'),
(2005, 2017, 'Rhea', 'Le', 'rheale@uscb.edu'),
(2006, 2017, 'Beau', 'Gutierrez', 'beaugutierrez@uscb.edu'),
(2007, 2017, 'Nikola', 'Hutton', 'nikolahutton@uscb.edu'),
(2008, 2017, 'Mateusz', 'Shelton', 'mateuszshelton@uscb.edu'),
(2009, 2017, 'Keith', 'Mcfarlane', 'keithmcfarlane@uscb.edu'),
(3000, 2018, 'Ishaaq', 'Harris', 'ishaaqharris@uscb.edu'),
(3001, 2019, 'Everett', 'Brennan', 'everettbrennan@uscb.edu'),
(3002, 2019, 'Nazim', 'Deleon', 'nazimdeleon@uscb.edu'),
(3003, 2019, 'Angelika', 'Fellows', 'angelikafellows@uscb.edu'),
(3004, 2019, 'Darcy', 'Washington', 'darcywashington@uscb.edu'),
(3005, 2019, 'Pierre', 'Gill', 'pierregill@uscb.edu'),
(3006, 2019, 'Lleyton', 'Rangel', 'lleytonrangel@uscb.edu'),
(3007, 2019, 'Aleyna', 'Dupont', 'aleynadupont@uscb.edu'),
(3008, 2019, 'Grover', 'Reeves', 'groverreeves@uscb.edu'),
(3009, 2019, 'Margie', 'Molloy', 'margiemolloy@uscb.edu'),
(4000, 2020, 'Colette', 'Welch', 'colettewelch@uscb.edu'),
(4001, 2020, 'Oriana', 'Mcbride', 'orianamcbride@uscb.edu'),
(4002, 2020, 'Nojus', 'Clemons', 'nojusclemons@uscb.edu'),
(4003, 2020, 'Myah', 'Handley', 'myahhandley@uscb.edu'),
(4004, 2020, 'Abbie', 'Ochoa', 'abbieochoa@uscb.edu'),
(4005, 2020, 'Nuha', 'Hogan', 'nuhahogan@uscb.edu'),
(4006, 2020, 'Saniya', 'Corrigan', 'saniyacorrigan@uscb.edu'),
(4007, 2020, 'Gina', 'Mccaffrey', 'ginamccaffrey@uscb.edu'),
(4008, 2020, 'Cai', 'Grant', 'caigrant@uscb.edu'),
(4009, 2020, 'Gurpreet', 'Easton', 'gurpreeteaston@uscb.edu')

INSERT Registration(AcademicYear,FinalDraftDeadline,MentorApprovalDeadline,AbstractDeadline,RegistrationDeadline) VALUES
(2020,'2020-2-12','2020-3-7','2020-4-14','2020-4-7'),
(2019,'2019-2-12','2019-3-7','2019-4-14','2019-4-7'),
(2018,'2018-2-12','2018-3-7','2018-4-14','2018-4-7'),
(2017,'2017-2-12','2017-3-7','2017-4-14','2017-4-7')

-- MentorID needs to be added -- BUT WE DO WE NEED the mentorid in project if we already have it in student and group table...
INSERT Projects(ProjectID,ProjectTitle,PresentationType,Abstract,MentorApproval,AcademicYear) VALUES
(1001, 'The Evolution of Life','Issue-Based','No','Yes', 2016),
(1002, 'Hyper Action','Hypothesis-Driven','No','Yes', 2016),
(1003, 'The Game Of Life','Descriptive','No','Yes', 2016),
(1004, 'A Video Game','Visual Arts','Yes','Yes', 2016),
(1005, 'The Application of Computer','Innovation/Application','No','Yes', 2016),
(1006, 'The Study of the Past','Student Scholarship in the Humanities','No','Yes', 2016),
(1007, 'Project 1','Issue-Based','No','Yes', 2016),
(1008, 'Project 3','Hypothesis-Driven','No','Yes', 2016),
(1009, 'The art of dogs','Visual Arts','Yes','Yes', 2016),
(1010, 'Project 222','Innovation/Application','No','Yes', 2016),
(1011, 'Mass balance of the Antarctic Ice Sheet from 1992 to 2017','Issue-Based','No','Yes', 2016),
(1012, 'Spatial and temporal patterns of mass bleaching of corals in the Anthropocene','Issue-Based','No','Yes', 2016),
(1013, 'Effect of Aspirin on Cardiovascular Events and Bleeding in the Healthy Elderly','Descriptive','No','Yes', 2016),
(1014, 'No intrinsic gender differences in children’s earliest numerical abilities','Visual Arts','Yes','Yes', 2016),
(1015, 'Undocumented Immigrants, U.S. Citizens, and Convicted Criminals in Arizona','Innovation/Application','No','Yes', 2016),
(1016, 'Evidence for a mental health crisis in graduate education','Student Scholarship in the Humanities','No','Yes', 2016),
(1017, 'Evidence for a large exomoon orbiting Kepler-1625b','Issue-Based','No','Yes', 2016),
(1018, 'U-Th dating of carbonate crusts reveals Neandertal origin of Iberian cave art','Hypothesis-Driven','No','Yes', 2016),
(1019, 'Scientists on Twitter: Preaching to the choir or singing from the rooftops?','Visual Arts','Yes','Yes', 2016),
(1020, 'Infectious virus in exhaled breath of symptomatic seasonal influenza cases from a college community','Innovation/Application','No','Yes', 2016),
(1021, 'The carbon footprint of global tourism','Issue-Based','No','Yes', 2016),
(1022, 'Reducing food’s environmental impacts through producers and consumers','Hypothesis-Driven','No','Yes', 2016),
(1023, 'Association Between Calcium or Vitamin D Supplementation and Fracture Incidence in Community-Dwelling Older Adults','Visual Arts','Yes','Yes', 2016),
(1024, 'Multi-modal survey of Adélie penguin mega-colonies reveals the Danger Islands as a seabird hotspot','Innovation/Application','No','Yes', 2016),
(1025, 'The effect of physical activity on mortality and cardiovascular disease','Issue-Based','No','Yes', 2016),
(2001, 'A game about mystery','Student Scholarship in the Humanities','No','Yes', 2016),
(2002, 'A marker of national culture or of academic discipline?', 'Descriptive','No','Yes', 2016),
(2003, 'United States health care reform: progress to date and next steps','Issue-Based','No','Yes', 2016),
(2004, 'Evidence for a distant giant planet in the solar system', 'Hypothesis-Driven','No','Yes', 2017),
(2005, 'Zika virus and birth defects – reviewing the evidence for causality','Issue-Based','No','Yes', 2017),
(2006, 'The association between income and life expectancy in the United States, 2001-2014','Descriptive','No','Yes', 2017),
(2007, 'Effect of wearable technology combined with a lifestyle intervention on long-term weight loss','Innovation/Application','No','Yes', 2017),
(2008, 'Mastering the game of Go with deep neural networks and tree search','Descriptive','No','Yes', 2017),
(2009, 'The new world atlas of artificial night sky brightness', 'Visual Arts','Yes','Yes', 2017),
(2010, 'Evidence for a limit to human lifespan', 'Hypothesis-Driven','No','Yes', 2017),
(2011, 'A smooth exit from eternal inflation?','Student Scholarship in the Humanities','No','Yes', 2017),
(2012, 'Recurrent Glioblastoma Treated with Recombinant Poliovirus', 'Descriptive','No','Yes', 2017),
(2013, 'Neurological Manifestations Among US Government Personnel Reporting','Issue-Based','No','Yes', 2017),
(2014, 'exploring the impact of lecture capture availability and lecture capture usage on student attendance', 'Hypothesis-Driven','No','Yes', 2017),
(2015, 'Adjuvant Chemotherapy Guided by a 21-Gene Expression Assay in Breast Cancer','Issue-Based','No','Yes', 2017),
(2016, 'Reduction in Firearm Injuries during NRA Annual Conventions','Descriptive','No','Yes', 2017),
(2017, 'Whole-genome sequencing of Atacama skeleton shows novel mutations linked with dysplasia','Innovation/Application','No','Yes', 2017),
(2018, 'Effects of health and social care spending constraints on mortality in England: a time trend analysis','Descriptive','No','Yes', 2017),
(2019, 'Nutrients and bioactives in green leafy vegetables and cognitive decline: Prospective study', 'Visual Arts','Yes','Yes', 2017),
(2020, 'The genome of the offspring of a Neanderthal mother and a Denisovan father', 'Hypothesis-Driven','No','Yes', 2017),
(2021, 'Effects of vitamin D supplementation on musculoskeletal health','Descriptive','No','Yes', 2017),
(2022, 'Glyphosate perturbs the gut microbiota of honey bees','Innovation/Application','No','Yes', 2017),
(2023, 'Relationship of gender differences in preferences to economic development and gender equality','Descriptive','No','Yes', 2017),
(2024, 'Artificially lit surface of Earth at night increasing in radiance and extent', 'Visual Arts','Yes','Yes', 2017),
(2025, 'A galaxy lacking dark matter', 'Hypothesis-Driven','No','Yes', 2017),
(3001, 'The terrorist inside my husband’s brain','Issue-Based','No','Yes', 2018),
(3002, 'Trends in adult body-mass index in 200 countries from 1975 to 2014', 'Visual Arts','Yes','Yes', 2018),
(3003, 'Contribution of Antarctica to past and future sea-level rise', 'Descriptive','No','Yes', 2018),
(3004, 'Does physical activity attenuate, or even eliminate, the detrimental association of sitting time with mortality?', 'Visual Arts','Yes','Yes', 2018),
(3005, 'Human commensals producing a novel antibiotic impair pathogen colonization', 'Descriptive','No','Yes', 2018),
(3006, 'The brain adapts to dishonesty', 'Visual Arts','Yes','Yes', 2018),
(3007, 'Zika virus associated with microcephaly','Issue-Based','No','Yes', 2018),
(3008, 'Mortality in Puerto Rico after Hurricane Maria','Hypothesis-Driven','No','Yes', 2018),
(3009, 'The spread of true and false news online','Issue-Based','No','Yes', 2018),
(3010, 'Trajectories of the Earth System in the Anthropocene','Hypothesis-Driven','No','Yes', 2018),
(3011, 'Embryos and embryonic stem cells from the white rhinoceros','Issue-Based','No','Yes', 2018),
(3012, 'Dog ownership and the risk of cardiovascular disease and death', 'Visual Arts','Yes','Yes', 2018),
(3013, 'Effect of Aspirin on Disability-free Survival in the Healthy Elderly', 'Descriptive','No','Yes', 2018),
(3014, 'Multimessenger observations of a flaring blazar coincident with high-energy', 'Visual Arts','Yes','Yes', 2018),
(3015, 'Sugar industry sponsorship of germ-free rodent studies linking sucrose to hyperlipidemia', 'Descriptive','No','Yes', 2018),
(3016, 'Multiscale Analysis of Independent Alzheimer’s Cohorts Finds Disruption of Molecular', 'Visual Arts','Yes','Yes', 2018),
(3017, 'Prevalence of Prescription Medications With Depression as a Potential Adverse Effect Among Adults in the United States','Issue-Based','No','Yes', 2018),
(3018, 'Blue light excited retinal intercepts cellular signaling','Hypothesis-Driven','No','Yes', 2018),
(3019, 'Associations between chronotype, morbidity and mortality in the UK Biobank cohort','Issue-Based','No','Yes', 2018),
(3020, 'Amyloid accumulation in the human brain after one night of sleep deprivation','Hypothesis-Driven','No','Yes', 2018),
(3021, 'Climate model shows large-scale wind and solar farms in the Sahara increase rain and vegetation', 'Visual Arts','Yes','Yes', 2018),
(3022, 'Effect of Aspirin on All-Cause Mortality in the Healthy Elderly', 'Descriptive','No','Yes', 2018),
(3023, 'Rapid-onset gender dysphoria in adolescents and young adults: A study of parental reports', 'Visual Arts','Yes','Yes', 2018),
(3024, 'The Gender-Equality Paradox in Science, Technology, Engineering, and Mathematics Education', 'Descriptive','No','Yes', 2018),
(3025, 'Evaluating the replicability of social science experiments in Nature and Science between 2010 and 2015', 'Visual Arts','Yes','Yes', 2018),
(4001, 'Association between physical exercise and mental health', 'Descriptive', 'No','Yes', 2019),
(4002, 'Dietary carbohydrate intake and mortality','Issue-Based','No','Yes', 2019),
(4003, 'Evidence that the Great Pacific Garbage Patch is rapidly accumulating plastic', 'Issue-Based','No','Yes', 2019),
(4004, 'Complementary Medicine, Refusal of Conventional Cancer Therapy', 'Hypothesis-Driven', 'No','Yes', 2019),
(4005, 'Global warming transforms coral reef assemblages', 'Issue-Based','No','Yes', 2019),
(4006, 'The biomass distribution on Earth', 'Hypothesis-Driven','No','Yes', 2019),
(4007, 'Radar evidence of subglacial liquid water on Mars','Issue-Based','No','Yes', 2019),
(4008, 'The impact of the ‘open’ workspace on human collaboration', 'Hypothesis-Driven','No','Yes', 2019),
(4009, 'Structure and Distribution of an Unrecognized Interstitium in Human Tissues', 'Hypothesis-Driven','No','Yes', 2019),
(4010, 'Death or Debt?', 'Hypothesis-Driven','No','Yes', 2019),
(4011, 'Effect of Low-Fat vs Low-Carbohydrate Diet','Issue-Based','No','Yes', 2019),
(4012, 'Weaponized Health Communication', 'Descriptive','No','Yes', 2019),
(4013, 'Decreases in global beer supply due to extreme drought and heat', 'Issue-Based','No','Yes', 2019),
(4014, 'Health Care Spending in the United States and Other High-Income Countries', 'Hypothesis-Driven','No','Yes', 2019),
(4015, 'Archaeobotanical evidence reveals the origins of bread 14,400 years ago', 'Issue-Based','No','Yes', 2019),
(4016, 'Association of Frequency of Organic Food Consumption With Cancer Risk', 'Hypothesis-Driven','No','Yes', 2019),
(4017, 'How to solve the econ','Issue-Based','No','Yes', 2019),
(4018, 'Man against machine', 'Issue-Based','No','Yes', 2019),
(4019, 'An abstract drawing from the 73,000-year-old levels at Blombos Cave, South Africa', 'Issue-Based','No','Yes', 2019),
(4020, 'The earliest modern humans outside Africa', 'Hypothesis-Driven','No','Yes', 2019),
(4021, 'Wine glass size in England from 1700 to 2017: a measure of our time','Hypothesis-Driven','No','Yes', 2019),
(4022, 'Impact of Healthy Lifestyle Factors on Life Expectancies in the US Population', 'Hypothesis-Driven','No','Yes', 2019),
(4023, 'The demise of the largest and oldest African baobabs', 'Issue-Based','No','Yes', 2019),
(4024, 'Volatile chemical products emerging as largest petrochemical source of urban organic emissions', 'Hypothesis-Driven','No','Yes', 2019),
(4025, 'Many Analysts, One Data Set','Issue-Based','No','Yes', 2019)

-- SponsorID number determines year of event ie 100 = 1st year and so on
INSERT Sponsors(SponsorID, SponsorYear, SponsorName, SponsorAmount) VALUES
(101, 2019, 'The USCB Endowment for New Programs', 500),
(102, 2019, 'John Palmour', 1000),
(200, 2019, 'The Lowcountry and Resort Islands Tourism Institute at USCB', 2000),
(201, 2018, 'USCB Family Fund', 1500),
(202, 2018, 'Chick-fil-a', 5000),
(300, 2017, 'Kathryn White', 3000),
(301, 2017, 'Elon Musk', 10000),
(400, 2016, 'Boeing', 75000),
(401, 2016, 'Hargray',5000)

-- MentorID number determines year of event ie 100 = 1st year and so on
INSERT Mentors(MentorID, MentorFName, MentorLName, MentorEmail, MentorDepartment) VALUES
(168, 'Brian','Canada','bcanada@email.sc.edu','Computer Science'),
(169, 'Shah', 'Burrows', 'shahburrows@uscb.edu', 'English'),
(170, 'Primrose', 'Bate', 'primrosebate@uscb.edu', 'Business'),
(171, 'Carol', 'Clemons', 'carolclemons@uscb.edu', 'Accounting'),
(172, 'Harlow', 'Booker', 'harlowbooker@uscb.edu', 'Anthropology'),
(173, 'Merryn', 'Wilkins', 'merrynwilkins@uscb.edu', 'Althetic Training'),
(174, 'Jean', 'Conway', 'jeanconway@uscb.edu', 'Mathematics'),
(175, 'Anwar', 'Wardle', 'anwarwardle@uscb.edu', 'Computer Science'),
(176, 'Vicky', 'Reynolds', 'vickyreynolds@uscb.edu', 'Theatre'),
(177, 'Harold', 'Rubio', 'haroldrubio@uscb.edu', 'Mathematics'),
(178, 'Savannah', 'Begum', 'savannahbegum@uscb.edu', 'Psychology'),
(179, 'Bruno', 'Lam', 'brunolam@uscb.edu', 'Business'),
(180, 'Aliza', 'Wright', 'alizawright@uscb.edu', 'Theatre'),
(200, 'Balraj', 'Floyd', 'gurpreeteaston@uscb.edu', 'Business'),
(201, 'Aishah', 'Conley', 'aishahconley@uscb.edu', 'Nursing'),
(202, 'Eleri', 'Mcfarland', 'elerimcfarland@uscb.edu', 'Althetic Training'),
(203, 'Lorcan', 'Gallegos', 'lorcangallegos@uscb.edu', 'Business'),
(204, 'Billy', 'Tomlinson', 'billytomlinson@uscb.edu', 'Althetic Training'),
(205, 'Lori', 'Randolph', 'lorirandolph@uscb.edu', 'Computer Science'),
(206, 'Amber', 'Ahmad', 'amberahmad@uscb.edu', 'Computer Science'),
(207, 'Kaiya', 'Davidson', 'kaiyadavidson@uscb.edu', 'Mathematics'),
(208, 'Ronnie', 'Harris','ronnieharris@uscb.edu', 'Accounting'),
(209, 'Belle', 'Moran', 'bellemoran@uscb.edu', 'Anthropology'),
(300, 'Suzanne', 'Lane', 'suzannelane@uscb.edu', 'Mathematics'),
(301, 'Pearl', 'Jacobson', 'pearljacobson@uscb.edu', 'Anthropology'),
(302, 'Aayush', 'Simon', 'aayushsimon@uscb.edu', 'Althetic Training'),
(303, 'Frederic', 'Aguilar', 'fredericaguilar@uscb.edu','Psychology'),
(304, 'Chad', 'Hoffman', 'chadhoffman@uscb.edu', 'Nursing'),
(305, 'Stephen', 'Ellison', 'stephenellison@uscb.edu', 'Psychology'),
(306, 'Amelia', 'Hutton', 'ameliahutton@uscb.edu', 'Computer Science'),
(307, 'Frankie', 'Mercer','frankiemercer@uscb.edu', 'Theatre'),
(308, 'Tye', 'Hernandez', 'tyehernandez@uscb.edu', 'Computer Science'),
(309, 'Neive', 'Nielsen', 'neivenielsen@uscb.edu', 'Nursing'),
(401, 'Hajrah', 'Hurst', 'hajrahhurst@uscb.edu', 'Theatre'),
(402, 'Cadi', 'Moses', 'cadimoses@uscb.edu', 'Computer Science'),
(403, 'Keith', 'Shaffer', 'keithshaffer@uscb.edu', 'Nursing'),
(404, 'Madina', 'Forster','madinaforster@uscb.edu', 'Nursing'),
(405, 'Roksana', 'Mclellan', 'roksanamclellan@uscb.edu', 'Computer Science'),
(406, 'Libbi', 'Velasquez', 'libbivelasquez@uscb.edu', 'Mathematics'),
(407, 'Iona', 'Hamer', 'ionahamer@uscb.edu', 'Psychology'),
(408, 'Emanuel', 'Delaney', 'emanueldelaney@uscb.edu', 'Mathematics'),
(409, 'Lennon', 'Drummond', 'lennondrummond@uscb.edu', 'Psychology'),
(410, 'Alvin', 'Lim', 'alvinlim@uscb.edu', 'Accounting')

-- Students needs to be filled in with apporitate values
INSERT Students(StudentID, StudentYear, StudentFName, StudentLName, StudentEmail, Major, MentorID, ProjectID, JudgeID) VALUES
(1000, 'Freshman','Roberto','Solares','rsolares@email.sc.edu','Computer Science', 168, 1001, 1000),
(1001, 'Freshman','Ziare', 'Joseph', 'Ziare@gmail.com', 'Computer Science', 168, 1002, 1000),
(1002, 'Freshman','Aava', 'Kane', 'Aava@gmail.com', 'Computer Science', 168, 1003, 1000),
(1003, 'Freshman','Jordan', 'Hill', 'JH@uscb.com', 'Computer Science', 168, 1004, 1000),
(1004, 'Freshman','Bob', 'Dole', 'dobbob@uscb.com', 'Theatre', 180, 1005, 1001),
(1005, 'Freshman','Mob', 'Job', 'mobjob2@uscb.com', 'Theatre', 180, 1006, 1001),
(1006, 'Freshman','Bill', 'Smith', 'bsmith@gmail.com', 'Theatre', 180,1007,1001),
(1007, 'Freshman','Spoi', 'Boi', 'notspy@nsa.org', 'Theatre', 180,1008,1001),
(1008, 'Freshman','Bob', 'Kane', 'bobkane@gmail.com', 'Business', 179, 1009, 1002),
(1009, 'Freshman','Sam', 'Bork', 'sbork@uscb.com', 'Business', 179, 1010, 1002),
(1010, 'Freshman','Jane', 'Doe', 'jd@gmail.com', 'Business', 179, 1011, 1002),
(1011, 'Freshman','Maxi', 'Thor', 'mthor@thor.com', 'Business',179,1012,1002),
(1012, 'Freshman','Will', 'Thor', 'wthor@thor.com', 'Mathematics', 174, 1013, 1003),
(1013, 'Freshman','Kane', 'Kane', 'candycane@canecane.org', 'Mathematics', 174, 1014, 1003),
(1014, 'Freshman','Davros', 'Kelad', 'daleksupremo@dalek.net', 'Mathematics', 174, 1015, 1003),
(1015, 'Freshman','Manx', 'Electrik', 'electrik@manx.gov', 'Anthrology', 172, 1016, 1004),
(1016, 'Freshman','Boo', 'Ghost', 'spoopu@spoopy.com', 'Anthrology', 172, 1017, 1004),
(1017, 'Freshman','Dja', 'Beep', 'dja@beep.org', 'Anthrology', 172, 1018, 1004),
(1018, 'Freshman','Kayne', 'Capital', 'kayne@exon.com', 'Anthrology', 172, 1019, 1004),
(1019, 'Freshman','Bobby', 'Hill', 'bobby@hill.com', 'English', 169, 1020,1005),
(1020, 'Freshman','A', 'Bob', 'abob@uscb.edu', 'English', 169, 1021,1005),
(1021, 'Freshman','Jane', 'Bob', 'jbjb@uscb.edu', 'English', 169, 1022,1005),
(1022, 'Freshman','BB', 'Bo', 'bbbo@bobby.uscb.edu', 'English', 169, 1023,1005),
(1023, 'Sophomore','Kayne', 'Kayne', 'kk@gmail.com', 'Business', 170, 1024,1006),
(1024, 'Sophomore','JJ', 'Baybay', 'jjbaybay@bb.com', 'Business', 170, 1025,1006),
(1025, 'Sophomore','Commie', 'Bay', 'cbay@cccp.su', 'Business', 170, 2001,1006),
(1026, 'Sophomore','Hogwarts', 'Wizard', 'hwiz@magik.ma', 'Business', 170, 2002,1006),
(1027, 'Sophomore','Darth', 'Vader', 'dvader@deathstar.dark', 'Accounting', 171, 2003, 1007),
(1028, 'Sophomore','Thora', 'Thora', 'thora@uscb.edu', 'Accounting', 171, 2004, 1007),
(1029, 'Sophomore','God', 'Heaven', 'god@heaven.god', 'Accounting', 171, 2005, 1007),
(1030, 'Sophomore','Pope', 'Pope', 'popepope@pope.va', 'Accounting', 171, 2006, 1007),
(1031, 'Sophomore','Scottish', 'Trainer', 'scotch@pokemon.com', 'Althetic Training', 173, 2007, 1008),
(1032, 'Sophomore','UU', 'Mineral', 'UU@miners.com', 'Althetic Training', 173, 2008, 1008),
(1033, 'Sophomore','Samatha', 'Wallace', 'samwallace@uscb.edu', 'Althetic Training', 173, 2009, 1008),
(1034, 'Sophomore','Samantha', 'Kane', 'samkane@uscb.edu', 'Althetic Training', 173, 2010, 1008),
(1035, 'Sophomore','Roberto', 'J', 'robertoj@uscb.edu', 'Mathematics', 177, 2011, 2009),
(1036, 'Sophomore','Hogg', 'Hogg', 'hogghogg@uscb.edu', 'Mathematics', 177, 2012, 2009),
(1037, 'Sophomore','Julius', 'Caesar', 'thejc@uscb.edu', 'Mathematics', 177, 2013, 2009),
(1038, 'Sophomore','Brutus', 'Caesar', 'stabbybrutus@uscb.edu', 'Mathematics', 177, 2014, 2009),
(1039, 'Sophomore','Greg', 'Hill', 'greghill@uscb.edu', 'Computer Science', 175, 2015, 2000),
(1040, 'Sophomore','Squirtle', 'Water', 'sqwater@uscb.edu', 'Computer Science', 175, 2016, 2000),
(1041, 'Sophomore','Roberto', 'Solaris', 'rsol@uscb.edu', 'Computer Science', 175, 2017, 2000),
(1042, 'Sophomore','Samuel', 'Hill', 'smh8@uscb.edu', 'Computer Science', 175, 2018, 2000),
(1043, 'Sophomore','Hill', 'Hill', 'hh@uscb.edu', 'Computer Science', 175, 2019, 2000),
(1044, 'Sophomore','Douglas', 'Welsh', 'douglaswelsh@uscb.edu','Computer Science', 179, 2020, 2000),
(1045, 'Junior','Thomas', 'Welsh', 'thomaswelsh@uscb.edu','Computer Science', 168, 2021, 2001),
(1046, 'Junior','Thomas', 'Goodman', 'thomasgoodman@uscb.edu','Computer Science', 168, 2022, 2001),
(1047, 'Junior','Thomas', 'Thora', 'thomasthora@uscb.edu','Computer Science', 168, 2023, 2001),
(1048, 'Junior','Thomas', 'Hill', 'thomashill@uscb.edu','Computer Science', 168, 3001, 2001),
(1049, 'Junior','Yalveta', 'Yal', 'yalveta@uscb.edu','Computer Science', 168, 3002, 2001),
(1050, 'Junior','Jonus', 'Hap', 'jonushap@uscb.edu','Althetic Training', 204, 3003, 2002), 
(1051, 'Junior','Pikachu', 'Lucario', 'pikapika@uscb.edu','Althetic Training', 204, 3003, 2002),
(1052, 'Junior','Mew', 'Mewtwo', 'mewmew@uscb.edu','Althetic Training', 204, 3003, 2002),
(1053, 'Junior','Electrabuzz', 'Buzz', 'buzzbuzz@uscb.edu','Althetic Training', 204, 3003, 2002), 
(1054, 'Junior','Magikarp', 'Splash', 'karpkarp@uscb.edu','Mathematics', 207, 3007, 2003),
(1055, 'Junior','Gyrados', 'Fly', 'badassofwater42@uscb.edu','Mathematics', 207, 3007, 2003),
(1056, 'Junior','Ditto', 'Ditto', 'transform2@uscb.edu','Mathematics', 207, 3007, 2003),
(1057, 'Junior','Happiny', 'Haphap', 'haphap@uscb.edu','Mathematics', 207, 3007, 2003),
(1058, 'Junior','Smeargle', 'Sketch', 'sketchzmoves4@uscb.edu','Accounting', 208, 3011, 2004), 
(1059, 'Junior','Maville', 'Teath', 'maville@uscb.edu','Accounting', 208, 3011, 2004),
(1060, 'Junior','Groudon', 'Red', 'groundyboi64@uscb.edu','Accounting', 208, 3011, 2004),
(1061, 'Junior','Heatran', 'Fire', 'redmenace@uscb.edu','Accounting', 208, 3011, 2004),
(1062, 'Junior','Clefable', 'Moon', 'pokealien@uscb.edu','Nursing', 201, 3015, 2005), 
(1063, 'Junior','Blastoise', 'Water', 'waterboi@uscb.edu','Nursing', 201, 3015, 2005),
(1064, 'Senior','Rattata', 'Normie', 'ratboi64@uscb.edu','Nursing', 201, 3015, 2005),
(1065, 'Senior','Eight', 'Ball', 'eightball8@uscb.edu','Business', 203, 3018, 2006),
(1066, 'Senior','Seel', 'Water', 'seelwater@uscb.edu','Business', 203, 3018, 2006),
(1067, 'Senior','Porygon', 'Program', 'porygon@uscb.edu','Business', 203, 3018, 2006),
(1068, 'Senior','Urzo', 'Bastion', 'urzobastionofscience4@uscb.edu','Althetic Training', 202 ,3021,2007),  
(1069, 'Senior','Eliza', 'AI', 'elizaai255@belllabs.com','Computer Science', 205,3022,2008),
(1070, 'Senior','Ash', 'Ketchum', 'ashketchum35yearsold@pokemon.com','Computer Science',179,3023,2009),
(1071, 'Senior','Zygarde', 'Yes', 'zygarde@pokemon.com','Computer Science',206,3024,3000),
(1072, 'Senior','Pidgy', 'Flies', 'flyboi@uscb.edu','Anthrology',209,3025,3001),
(1073, 'Senior','Open', 'Saysme', 'open@uscb.edu','Mathematics',300,4001,3002),
(1074, 'Senior','Esther', 'Lambert', 'estherlambert@uscb.edu','Anthrology',301,4002,3003),
(1075, 'Senior','Inez', 'Johnston', 'inezjohnston@uscb.edu','Althetic Training',302,4003,3004),
(1076, 'Senior','Ginger', 'Stanley', 'gingerstanley@uscb.edu','Psychology',303,4004,3005),
(1077, 'Senior','Danielle', 'Dunn', 'danielledunn@uscb.edu','Nursing',304,4005,3006),
(1078, 'Senior','Melody', 'Chandler', 'melodychandler@uscb.edu','Psychology',305,4006,3007),
(1079, 'Senior','Stanley', 'Dennis', 'stanleydennis@uscb.edu','Computer Science',306,4007,3008),
(1080, 'Senior','Kathy', 'Hodges', 'kathyhodges@uscb.edu','Theatre',307,4008,3009),
(1081, 'Senior','Kara', 'Clayton', 'karaclayton@uscb.edu','Computer Science',308,4009,4000),
(1082, 'Senior','Roy', 'Sutton', 'roysutton@uscb.edu','Nursing',309,4010,4001),
(1083, 'Senior','George', 'Evans', 'georgeevans@uscb.edu','Theatre',401,4011,4002),
(1084, 'Senior','Laurence', 'Barker', 'laurencebarker@uscb.edu','Computer Science',402,4012,4003),
(1085, 'Senior','Nichole', 'Walters', 'nicholewalters@uscb.edu','Nursing',403,4013,4004),
(1086, 'Senior','Shari', 'Doyle', 'sharidoyle@uscb.edu','Computer Science',405,4014,4005),
(1087, 'Senior','Ian', 'Rios', 'ianrios@uscb.edu','Mathematics',406,4015,4006),
(1088, 'Senior','Yolanda', 'Sandoval', 'yolandasandoval@uscb.edu','Psychology',407,4016,4007),
(1089, 'Senior','Terrance', 'Jacobs', 'terrancejacobs@uscb.edu','Mathematics',408,4017,4008)

INSERT SRSD(EventYear,EventDate,EventLocation) VALUES
(2019,'2019-4-12','USCB Bluffton Campus'),
(2018,'2018-4-12','USCB Bluffton Campus'),
(2017,'2017-4-12','USCB Bluffton Campus'),
(2016,'2016-4-12','USCB Bluffton Campus')

-- Groups needs to be filled in
INSERT Groups(GroupID,GroupYear,StudentID,ProjectID,MentorID,JudgeID) VALUES
(501,2016,1000,2024,200,1000),
(501,2016,1001,2024,200,1001),
(501,2016,1002,2024,170,1002),
(502,2016,1031,2025,170,1003),
(502,2016,1027,2025,175,1004),
(502,2017,1042,2025,175,1005),
(503,2017,1056,4018,200,1006),
(503,2017,1021,4018,200,1007),
(504,2017,1029,4019,170,1008),
(504,2017,1070,4019,170,1009),
(505,2017,1071,4020,175,1000),
(505,2017,1072,4020,175,1000),
(506,2018,1073,4021,170,1000),
(506,2018,1074,4021,170,1000),
(507,2018,1035,4022,175,1000),
(508,2018,1025,4022,175,1000),
(509,2018,1078,4023,175,1000),
(509,2019,1075,4023,175,1000),
(510,2019,1063,4024,170,1000),
(510,2019,1057,4024,170,1000),
(511,2019,1041,4025,175,1000),
(511,2019,1049,4025,175,1000)

INSERT ProjectRanking (ProjectID,JudgeMasteringScore,JudgeDevelopingScore,JudgeEmergingScore) VALUES
(1001,1,2,3),
(1002,2,4,5),
(1003,2,5,3),
(1004,2,4,3),
(1005,2,1,1),
(1006,2,2,3),
(1007,2,3,4),
(1008,5,4,5),
(1009,5,5,4),
(1010,5,4,4),
(1011,5,5,5),
(1012,5,4,4),
(1013,5,4,4),
(1014,5,4,4),
(1015,5,4,4),
(1016,5,4,4),
(1017,5,4,4),
(1018,5,4,4),
(1019,5,4,4),
(1020,5,4,4),
(1021,5,4,4),
(1022,5,4,4),
(1023,5,5,5),
(1024,5,5,5),
(1025,5,4,4),
(2001,5,4,4),
(2002,5,4,4),
(2003,5,4,4),
(2004,5,4,4),
(2005,5,4,4),
(2006,5,4,4),
(2007,5,4,4),
(2008,5,4,4),
(2009,5,4,4),
(2010,5,4,4),
(2011,5,4,4),
(2012,5,4,4),
(2013,5,4,4),
(2014,5,4,4),
(2015,5,4,4),
(2016,5,4,4),
(2017,5,4,4),
(2018,5,4,4),
(2019,5,4,4),
(2020,5,4,4),
(2021,5,4,4),
(2022,5,4,4),
(2023,5,4,4),
(2024,5,4,4),
(2025,5,4,4),
(3001,5,4,4),
(3002,5,4,4),
(3003,5,4,4),
(3004,5,4,4),
(3005,5,4,4),
(3006,5,4,4),
(3007,5,4,4),
(3008,5,4,4),
(3009,5,4,4),
(3010,5,4,4),
(3011,5,4,4),
(3012,5,4,4),
(3013,5,4,4),
(3014,5,4,4),
(3015,5,4,4),
(3016,5,4,4),
(3017,5,4,4),
(3018,5,4,4),
(3019,5,4,4),
(3020,5,4,4),
(3021,5,4,4),
(3022,5,4,4),
(3023,5,4,4),
(3024,5,4,4),
(3025,5,4,4),
(4001,5,4,4),
(4002,5,4,4),
(4003,5,4,4),
(4004,5,4,4),
(4005,5,4,4),
(4006,5,4,4),
(4007,5,4,4),
(4008,5,4,4),
(4009,5,4,4),
(4010,5,4,4),
(4011,5,4,4),
(4012,5,4,4),
(4013,5,4,4),
(4014,5,4,4),
(4015,5,4,4),
(4016,5,4,4),
(4017,5,4,4),
(4018,5,4,4),
(4019,5,4,4),
(4020,5,4,4),
(4021,5,5,5),
(4022,5,4,4),
(4023,5,4,4),
(4024,5,4,4),
(4025,5,4,4)
